Old URL,Page Type,Title,H1,Suggested Redirect,Status,Notes
https://psmphuket.com/agent/makar-chernov,agent,Makar Chernov - Phuket Property Service,,/about,200,
https://psmphuket.com/agent/tanatchanan-sriwanid-jane,agent,Napicha Pornsoongnoen (Jena) - Phuket Property Service,,/about,200,
https://psmphuket.com/agent/12494,agent,Kleiner Leon - Phuket Property Service,,/about,200,
https://psmphuket.com/agent/wathanyu-bungkomnat,agent,Wathanyu Bungkomnat - Phuket Property Service,,/about,200,
https://psmphuket.com/agent/novelyn-libunao-lyn,agent,Novelyn Libunao (Lyn) - Phuket Property Service,,/about,200,
https://psmphuket.com/agent/ruedeekorn-chunkerd-jum,agent,Ruedeekorn Chunkerd (Jum) - Phuket Property Service,,/about,200,
https://psmphuket.com/agent/lionel-lopez,agent,Lionel Lopez - Phuket Property Service,,/about,200,
https://psmphuket.com/agent/nuchjaree-jumson-gina,agent,Nuchjaree Jumson (Gina) - Phuket Property Service,,/about,200,
https://psmphuket.com/property-type/apartment-building,archive,Apartment Building - Phuket Property Service,,/properties,200,
https://psmphuket.com/property-feature/central-heating,archive,Central Heating - Phuket Property Service,,/properties,200,
https://psmphuket.com/property-feature/fire-place,archive,Fire Place - Phuket Property Service,,/properties,200,
https://psmphuket.com/property-feature/swimming-pool,archive,Swimming Pool - Phuket Property Service,,/properties,200,
https://psmphuket.com/property-feature/roof-top-poolbar,archive,Roof Top/Poolbar - Phuket Property Service,,/properties,200,
https://psmphuket.com/property-feature/gym,archive,Gym - Phuket Property Service,,/properties,200,
https://psmphuket.com/property-feature/fire-place/page/2,archive,Fire Place - Phuket Property Service - Page 2,,/properties,200,
https://psmphuket.com/property-type/single-family,archive,Single Family - Phuket Property Service,,/properties,200,
https://psmphuket.com/property-type/residential,archive,Residential - Phuket Property Service,,/properties,200,
https://psmphuket.com/property-feature/barbecue-area,archive,Barbecue Area - Phuket Property Service,,/properties,200,
https://psmphuket.com/property-feature/fully-equipped-kitchen,archive,Fully Equipped Kitchen - Phuket Property Service,,/properties,200,
https://psmphuket.com/property-type/loft,archive,Loft - Phuket Property Service,,/properties,200,
https://psmphuket.com/property-feature/gym/page/4,archive,Gym - Phuket Property Service - Page 4,,/properties,200,
https://psmphuket.com/property-type/condominium,archive,Condominium - Phuket Property Service,,/properties,200,
https://psmphuket.com/property-feature/fully-furnished,archive,Fully Furnished - Phuket Property Service,,/properties,200,
https://psmphuket.com/property-feature/barbecue-area/page/4,archive,Barbecue Area - Phuket Property Service - Page 4,,/properties,200,
https://psmphuket.com/property-feature/marble-floors,archive,Marble Floors - Phuket Property Service,,/properties,200,
https://psmphuket.com/property-type/residential/page/3,archive,Residential - Phuket Property Service - Page 3,,/properties,200,
https://psmphuket.com/property-feature/jacuzzi,archive,Jacuzzi - Phuket Property Service,,/properties,200,
https://psmphuket.com/property-type/condominium/page/6,archive,Condominium - Phuket Property Service - Page 6,,/properties,200,
https://psmphuket.com/property-feature/garden,archive,Garden - Phuket Property Service,,/properties,200,
https://psmphuket.com/property-status/for-rent,archive,For Rent - Phuket Property Service,,/properties,200,
https://psmphuket.com/property-feature/roof-top-poolbar/page/4,archive,Roof Top/Poolbar - Phuket Property Service - Page 4,,/properties,200,
https://psmphuket.com/property-type/studio,archive,Studio - Phuket Property Service,,/properties,200,
https://psmphuket.com/property-feature/jacuzzi/page/3,archive,Jacuzzi - Phuket Property Service - Page 3,,/properties,200,
https://psmphuket.com/property-feature/lawn,archive,Lawn - Phuket Property Service,,/properties,200,
https://psmphuket.com/property-feature/2-stories,archive,2 Stories - Phuket Property Service,,/properties,200,
https://psmphuket.com/property-feature/swimming-pool/page/3,archive,Swimming Pool - Phuket Property Service - Page 3,,/properties,200,
https://psmphuket.com/property-feature/barbecue-area/page/2,archive,Barbecue Area - Phuket Property Service - Page 2,,/properties,200,
https://psmphuket.com/property-feature/jacuzzi/page/2,archive,Jacuzzi - Phuket Property Service - Page 2,,/properties,200,
https://psmphuket.com/property-feature/garden/page/4,archive,Garden - Phuket Property Service - Page 4,,/properties,200,
https://psmphuket.com/property-feature/barbecue-area/page/3,archive,Barbecue Area - Phuket Property Service - Page 3,,/properties,200,
https://psmphuket.com/property-feature/26-ceilings,archive,26' Ceilings - Phuket Property Service,,/properties,200,
https://psmphuket.com/property-type/house,archive,House - Phuket Property Service,,/properties,200,
https://psmphuket.com/property-type/villa,archive,Villa - Phuket Property Service,,/properties,200,
https://psmphuket.com/property-type/condominium/page/2,archive,Condominium - Phuket Property Service - Page 2,,/properties,200,
https://psmphuket.com/property-feature/fully-equipped-kitchen/page/4,archive,Fully Equipped Kitchen - Phuket Property Service - Page 4,,/properties,200,
https://psmphuket.com/property-feature/fully-equipped-kitchen/page/2,archive,Fully Equipped Kitchen - Phuket Property Service - Page 2,,/properties,200,
https://psmphuket.com/property-feature/fire-place/page/3,archive,Fire Place - Phuket Property Service - Page 3,,/properties,200,
https://psmphuket.com/property-type/residential/page/4,archive,Residential - Phuket Property Service - Page 4,,/properties,200,
https://psmphuket.com/property-feature/roof-top-poolbar/page/3,archive,Roof Top/Poolbar - Phuket Property Service - Page 3,,/properties,200,
https://psmphuket.com/property-status/for-sale,archive,For Sale - Phuket Property Service,,/properties,200,
https://psmphuket.com/property-status/for-rent/page/4,archive,For Rent - Phuket Property Service - Page 4,,/properties,200,
https://psmphuket.com/property-type/condominium/page/5,archive,Condominium - Phuket Property Service - Page 5,,/properties,200,
https://psmphuket.com/property-feature/emergency-exit,archive,Emergency Exit - Phuket Property Service,,/properties,200,
https://psmphuket.com/property-feature/central-cooling,archive,Central Cooling - Phuket Property Service,,/properties,200,
https://psmphuket.com/property-feature/laundry-room,archive,Laundry Room - Phuket Property Service,,/properties,200,
https://psmphuket.com/property-feature/dual-sinks,archive,Dual Sinks - Phuket Property Service,,/properties,200,
https://psmphuket.com/property-feature/roof-top-poolbar/page/6,archive,Roof Top/Poolbar - Phuket Property Service - Page 6,,/properties,200,
https://psmphuket.com/property-feature/terace,archive,Terace - Phuket Property Service,,/properties,200,
https://psmphuket.com/property-feature/2-stories/page/5,archive,2 Stories - Phuket Property Service - Page 5,,/properties,200,
https://psmphuket.com/property-feature/terace/page/4,archive,Terace - Phuket Property Service - Page 4,,/properties,200,
https://psmphuket.com/property-feature/swimming-pool/page/2,archive,Swimming Pool - Phuket Property Service - Page 2,,/properties,200,
https://psmphuket.com/property-feature/gym/page/2,archive,Gym - Phuket Property Service - Page 2,,/properties,200,
https://psmphuket.com/property-feature/covered-car-park,archive,Covered Car Park - Phuket Property Service,,/properties,200,
https://psmphuket.com/property-feature/roof-top-poolbar/page/5,archive,Roof Top/Poolbar - Phuket Property Service - Page 5,,/properties,200,
https://psmphuket.com/property-type/penthouse-residential,archive,Penthouse - Phuket Property Service,,/properties,200,
https://psmphuket.com/property-feature/mountain-view,archive,Mountain View - Phuket Property Service,,/properties,200,
https://psmphuket.com/property-feature/kitchen,archive,Kitchen - Phuket Property Service,,/properties,200,
https://psmphuket.com/property-feature/balcony,archive,Balcony - Phuket Property Service,,/properties,200,
https://psmphuket.com/property-feature/kitchen/page/3,archive,Kitchen - Phuket Property Service - Page 3,,/properties,200,
https://psmphuket.com/property-type/condominium/page/7,archive,Condominium - Phuket Property Service - Page 7,,/properties,200,
https://psmphuket.com/property-type/residential/page/7,archive,Residential - Phuket Property Service - Page 7,,/properties,200,
https://psmphuket.com/property-feature/terace/page/3,archive,Terace - Phuket Property Service - Page 3,,/properties,200,
https://psmphuket.com/property-feature/26-ceilings/page/2,archive,26' Ceilings - Phuket Property Service - Page 2,,/properties,200,
https://psmphuket.com/property-feature/garden/page/7,archive,Garden - Phuket Property Service - Page 7,,/properties,200,
https://psmphuket.com/author/jum,archive,jum - Phuket Property Service,All Properties By,/properties,200,
https://psmphuket.com/property-feature/mountain-view/page/7,archive,Mountain View - Phuket Property Service - Page 7,,/properties,200,
https://psmphuket.com/property-feature/bike-path,archive,Bike Path - Phuket Property Service,,/properties,200,
https://psmphuket.com/author/jum/page/4,archive,jum - Phuket Property Service - Page 4,All Properties By,/properties,200,
https://psmphuket.com/property-feature/private-beach,archive,Private Beach - Phuket Property Service,,/properties,200,
https://psmphuket.com/property-feature/garden/page/3,archive,Garden - Phuket Property Service - Page 3,,/properties,200,
https://psmphuket.com/property-status/for-rent/page/3,archive,For Rent - Phuket Property Service - Page 3,,/properties,200,
https://psmphuket.com/property-type/residential/page/8,archive,Residential - Phuket Property Service - Page 8,,/properties,200,
https://psmphuket.com/property-feature/2-stories/page/6,archive,2 Stories - Phuket Property Service - Page 6,,/properties,200,
https://psmphuket.com/author/jum/page/2,archive,jum - Phuket Property Service - Page 2,All Properties By,/properties,200,
https://psmphuket.com/property-feature/mountain-view/page/3,archive,Mountain View - Phuket Property Service - Page 3,,/properties,200,
https://psmphuket.com/property-feature/mountain-view/page/2,archive,Mountain View - Phuket Property Service - Page 2,,/properties,200,
https://psmphuket.com/property-feature/terace/page/5,archive,Terace - Phuket Property Service - Page 5,,/properties,200,
https://psmphuket.com/property-status/for-sale/page/2,archive,For Sale - Phuket Property Service - Page 2,,/properties,200,
https://psmphuket.com/property-feature/jacuzzi/page/4,archive,Jacuzzi - Phuket Property Service - Page 4,,/properties,200,
https://psmphuket.com/property-status/for-sale/page/3,archive,For Sale - Phuket Property Service - Page 3,,/properties,200,
https://psmphuket.com/property-feature/hurricane-shutters,archive,Hurricane Shutters - Phuket Property Service,,/properties,200,
https://psmphuket.com/property-feature/garden/page/6,archive,Garden - Phuket Property Service - Page 6,,/properties,200,
https://psmphuket.com/property-feature/mountain-view/page/4,archive,Mountain View - Phuket Property Service - Page 4,,/properties,200,
https://psmphuket.com/property-feature/covered-car-park/page/3,archive,Covered Car Park - Phuket Property Service - Page 3,,/properties,200,
https://psmphuket.com/property-feature/balcony/page/2,archive,Balcony - Phuket Property Service - Page 2,,/properties,200,
https://psmphuket.com/property-feature/garden/page/2,archive,Garden - Phuket Property Service - Page 2,,/properties,200,
https://psmphuket.com/property-feature/swimming-pool/page/6,archive,Swimming Pool - Phuket Property Service - Page 6,,/properties,200,
https://psmphuket.com/property-feature/swimming-pool/page/7,archive,Swimming Pool - Phuket Property Service - Page 7,,/properties,200,
https://psmphuket.com/property-feature/emergency-exit/page/4,archive,Emergency Exit - Phuket Property Service - Page 4,,/properties,200,
https://psmphuket.com/property-feature/fully-equipped-kitchen/page/6,archive,Fully Equipped Kitchen - Phuket Property Service - Page 6,,/properties,200,
https://psmphuket.com/property-feature/covered-car-park/page/6,archive,Covered Car Park - Phuket Property Service - Page 6,,/properties,200,
https://psmphuket.com/property-feature/mountain-view/page/6,archive,Mountain View - Phuket Property Service - Page 6,,/properties,200,
https://psmphuket.com/property-feature/balcony/page/3,archive,Balcony - Phuket Property Service - Page 3,,/properties,200,
https://psmphuket.com/property-feature/terace/page/7,archive,Terace - Phuket Property Service - Page 7,,/properties,200,
https://psmphuket.com/property-feature/roof-top-poolbar/page/2,archive,Roof Top/Poolbar - Phuket Property Service - Page 2,,/properties,200,
https://psmphuket.com/property-feature/fully-furnished/page/4,archive,Fully Furnished - Phuket Property Service - Page 4,,/properties,200,
https://psmphuket.com/property-type/residential/page/6,archive,Residential - Phuket Property Service - Page 6,,/properties,200,
https://psmphuket.com/property-feature/emergency-exit/page/2,archive,Emergency Exit - Phuket Property Service - Page 2,,/properties,200,
https://psmphuket.com/property-feature/kitchen/page/4,archive,Kitchen - Phuket Property Service - Page 4,,/properties,200,
https://psmphuket.com/property-feature/electric-range,archive,Electric Range - Phuket Property Service,,/properties,200,
https://psmphuket.com/property-status/for-rent/page/7,archive,For Rent - Phuket Property Service - Page 7,,/properties,200,
https://psmphuket.com/property-feature/2-stories/page/2,archive,2 Stories - Phuket Property Service - Page 2,,/properties,200,
https://psmphuket.com/property-feature/balcony/page/5,archive,Balcony - Phuket Property Service - Page 5,,/properties,200,
https://psmphuket.com/property-feature/fully-equipped-kitchen/page/8,archive,Fully Equipped Kitchen - Phuket Property Service - Page 8,,/properties,200,
https://psmphuket.com/property-feature/balcony/page/6,archive,Balcony - Phuket Property Service - Page 6,,/properties,200,
https://psmphuket.com/property-feature/parking,archive,Parking - Phuket Property Service,,/properties,200,
https://psmphuket.com/property-feature/parking/page/2,archive,Parking - Phuket Property Service - Page 2,,/properties,200,
https://psmphuket.com/property-feature/home-theater,archive,Home Theater - Phuket Property Service,,/properties,200,
https://psmphuket.com/property-feature/living-room,archive,Living room - Phuket Property Service,,/properties,200,
https://psmphuket.com/property-feature/bike-path/page/2,archive,Bike Path - Phuket Property Service - Page 2,,/properties,200,
https://psmphuket.com/author/jum/page/5,archive,jum - Phuket Property Service - Page 5,All Properties By,/properties,200,
https://psmphuket.com/property-feature/gym/page/6,archive,Gym - Phuket Property Service - Page 6,,/properties,200,
https://psmphuket.com/property-type/apartment,archive,Apartment - Phuket Property Service,,/properties,200,
https://psmphuket.com/property-feature/elevator,archive,Elevator - Phuket Property Service,,/properties,200,
https://psmphuket.com/property-feature/26-ceilings/page/3,archive,26' Ceilings - Phuket Property Service - Page 3,,/properties,200,
https://psmphuket.com/property-feature/bike-path/page/4,archive,Bike Path - Phuket Property Service - Page 4,,/properties,200,
https://psmphuket.com/property-feature/fully-equipped-kitchen/page/5,archive,Fully Equipped Kitchen - Phuket Property Service - Page 5,,/properties,200,
https://psmphuket.com/property-feature/swimming-pool/page/4,archive,Swimming Pool - Phuket Property Service - Page 4,,/properties,200,
https://psmphuket.com/property-feature/fully-furnished/page/7,archive,Fully Furnished - Phuket Property Service - Page 7,,/properties,200,
https://psmphuket.com/property-feature/swimming-pool/page/5,archive,Swimming Pool - Phuket Property Service - Page 5,,/properties,200,
https://psmphuket.com/property-feature/kitchen/page/6,archive,Kitchen - Phuket Property Service - Page 6,,/properties,200,
https://psmphuket.com/property-feature/sea-view,archive,Sea View - Phuket Property Service,,/properties,200,
https://psmphuket.com/property-feature/next-to-busy-way,archive,Next to busy way - Phuket Property Service,,/properties,200,
https://psmphuket.com/property-status/for-sale/page/6,archive,For Sale - Phuket Property Service - Page 6,,/properties,200,
https://psmphuket.com/author/jum/page/3,archive,jum - Phuket Property Service - Page 3,All Properties By,/properties,200,
https://psmphuket.com/property-feature/gym/page/5,archive,Gym - Phuket Property Service - Page 5,,/properties,200,
https://psmphuket.com/property-feature/barbecue-area/page/7,archive,Barbecue Area - Phuket Property Service - Page 7,,/properties,200,
https://psmphuket.com/property-feature/fire-alarm,archive,Fire Alarm - Phuket Property Service,,/properties,200,
https://psmphuket.com/property-type/residential/page/5,archive,Residential - Phuket Property Service - Page 5,,/properties,200,
https://psmphuket.com/property-type/residential/page/2,archive,Residential - Phuket Property Service - Page 2,,/properties,200,
https://psmphuket.com/property-feature/sunset-view,archive,Sunset View - Phuket Property Service,,/properties,200,
https://psmphuket.com/property-status/for-sale/page/7,archive,For Sale - Phuket Property Service - Page 7,,/properties,200,
https://psmphuket.com/property-feature/covered-car-park/page/5,archive,Covered Car Park - Phuket Property Service - Page 5,,/properties,200,
https://psmphuket.com/property-feature/covered-car-park/page/4,archive,Covered Car Park - Phuket Property Service - Page 4,,/properties,200,
https://psmphuket.com/property-feature/fully-equipped-kitchen/page/3,archive,Fully Equipped Kitchen - Phuket Property Service - Page 3,,/properties,200,
https://psmphuket.com/property-feature/lawn/page/2,archive,Lawn - Phuket Property Service - Page 2,,/properties,200,
https://psmphuket.com/property-feature/swimming-pool/page/8,archive,Swimming Pool - Phuket Property Service - Page 8,,/properties,200,
https://psmphuket.com/property-status/for-rent/page/2,archive,For Rent - Phuket Property Service - Page 2,,/properties,200,
https://psmphuket.com/property-feature/balcony/page/4,archive,Balcony - Phuket Property Service - Page 4,,/properties,200,
https://psmphuket.com/property-feature/fully-furnished/page/2,archive,Fully Furnished - Phuket Property Service - Page 2,,/properties,200,
https://psmphuket.com/property-type/condominium/page/4,archive,Condominium - Phuket Property Service - Page 4,,/properties,200,
https://psmphuket.com/property-feature/terace/page/9,archive,Terace - Phuket Property Service - Page 9,,/properties,200,
https://psmphuket.com/property-feature/laundry-room/page/2,archive,Laundry Room - Phuket Property Service - Page 2,,/properties,200,
https://psmphuket.com/property-feature/fully-furnished/page/3,archive,Fully Furnished - Phuket Property Service - Page 3,,/properties,200,
https://psmphuket.com/property-feature/balcony/page/8,archive,Balcony - Phuket Property Service - Page 8,,/properties,200,
https://psmphuket.com/property-type/condominium/page/3,archive,Condominium - Phuket Property Service - Page 3,,/properties,200,
https://psmphuket.com/author/jum/page/6,archive,jum - Phuket Property Service - Page 6,All Properties By,/properties,200,
https://psmphuket.com/property-feature/laundry-room/page/4,archive,Laundry Room - Phuket Property Service - Page 4,,/properties,200,
https://psmphuket.com/author/jum/page/7,archive,jum - Phuket Property Service - Page 7,All Properties By,/properties,200,
https://psmphuket.com/property-feature/2-stories/page/4,archive,2 Stories - Phuket Property Service - Page 4,,/properties,200,
https://psmphuket.com/property-feature/fully-equipped-kitchen/page/7,archive,Fully Equipped Kitchen - Phuket Property Service - Page 7,,/properties,200,
https://psmphuket.com/property-feature/balcony/page/7,archive,Balcony - Phuket Property Service - Page 7,,/properties,200,
https://psmphuket.com/property-feature/gym/page/3,archive,Gym - Phuket Property Service - Page 3,,/properties,200,
https://psmphuket.com/property-feature/central-cooling/page/3,archive,Central Cooling - Phuket Property Service - Page 3,,/properties,200,
https://psmphuket.com/property-feature/central-cooling/page/2,archive,Central Cooling - Phuket Property Service - Page 2,,/properties,200,
https://psmphuket.com/property-feature/3-stories,archive,3 Stories - Phuket Property Service,,/properties,200,
https://psmphuket.com/property-feature/2-stories/page/3,archive,2 Stories - Phuket Property Service - Page 3,,/properties,200,
https://psmphuket.com/property-feature/jog-path,archive,Jog Path - Phuket Property Service,,/properties,200,
https://psmphuket.com/property-feature/central-cooling/page/4,archive,Central Cooling - Phuket Property Service - Page 4,,/properties,200,
https://psmphuket.com/property-feature/kitchen/page/5,archive,Kitchen - Phuket Property Service - Page 5,,/properties,200,
https://psmphuket.com/property-feature/fire-alarm/page/3,archive,Fire Alarm - Phuket Property Service - Page 3,,/properties,200,
https://psmphuket.com/property-feature/kitchen/page/2,archive,Kitchen - Phuket Property Service - Page 2,,/properties,200,
https://psmphuket.com/property-feature/sea-view/page/6,archive,Sea View - Phuket Property Service - Page 6,,/properties,200,
https://psmphuket.com/property-feature/terace/page/2,archive,Terace - Phuket Property Service - Page 2,,/properties,200,
https://psmphuket.com/property-feature/mountain-view/page/5,archive,Mountain View - Phuket Property Service - Page 5,,/properties,200,
https://psmphuket.com/property-feature/electric-range/page/2,archive,Electric Range - Phuket Property Service - Page 2,,/properties,200,
https://psmphuket.com/property-feature/emergency-exit/page/6,archive,Emergency Exit - Phuket Property Service - Page 6,,/properties,200,
https://psmphuket.com/property-feature/terace/page/6,archive,Terace - Phuket Property Service - Page 6,,/properties,200,
https://psmphuket.com/property-status/for-sale/page/4,archive,For Sale - Phuket Property Service - Page 4,,/properties,200,
https://psmphuket.com/property-feature/kitchen/page/9,archive,Kitchen - Phuket Property Service - Page 9,,/properties,200,
https://psmphuket.com/property-feature/barbecue-area/page/6,archive,Barbecue Area - Phuket Property Service - Page 6,,/properties,200,
https://psmphuket.com/property-feature/barbecue-area/page/5,archive,Barbecue Area - Phuket Property Service - Page 5,,/properties,200,
https://psmphuket.com/property-status/for-sale/page/10,archive,For Sale - Phuket Property Service - Page 10,,/properties,200,
https://psmphuket.com/property-feature/garden/page/5,archive,Garden - Phuket Property Service - Page 5,,/properties,200,
https://psmphuket.com/property-feature/living-room/page/4,archive,Living room - Phuket Property Service - Page 4,,/properties,200,
https://psmphuket.com/property-type/residential/page/10,archive,Residential - Phuket Property Service - Page 10,,/properties,200,
https://psmphuket.com/property-feature/swimming-pool/page/11,archive,Swimming Pool - Phuket Property Service - Page 11,,/properties,200,
https://psmphuket.com/property-feature/fully-equipped-kitchen/page/10,archive,Fully Equipped Kitchen - Phuket Property Service - Page 10,,/properties,200,
https://psmphuket.com/property-status/for-rent/page/5,archive,For Rent - Phuket Property Service - Page 5,,/properties,200,
https://psmphuket.com/property-type/residential/page/9,archive,Residential - Phuket Property Service - Page 9,,/properties,200,
https://psmphuket.com/property-feature/sunset-view/page/4,archive,Sunset View - Phuket Property Service - Page 4,,/properties,200,
https://psmphuket.com/property-feature/bike-path/page/3,archive,Bike Path - Phuket Property Service - Page 3,,/properties,200,
https://psmphuket.com/property-status/for-sale/page/13,archive,For Sale - Phuket Property Service - Page 13,,/properties,200,
https://psmphuket.com/property-feature/electric-range/page/4,archive,Electric Range - Phuket Property Service - Page 4,,/properties,200,
https://psmphuket.com/property-feature/garden/page/9,archive,Garden - Phuket Property Service - Page 9,,/properties,200,
https://psmphuket.com/author/jum/page/10,archive,jum - Phuket Property Service - Page 10,All Properties By,/properties,200,
https://psmphuket.com/property-feature/fully-furnished/page/6,archive,Fully Furnished - Phuket Property Service - Page 6,,/properties,200,
https://psmphuket.com/property-feature/fully-equipped-kitchen/page/9,archive,Fully Equipped Kitchen - Phuket Property Service - Page 9,,/properties,200,
https://psmphuket.com/property-feature/emergency-exit/page/3,archive,Emergency Exit - Phuket Property Service - Page 3,,/properties,200,
https://psmphuket.com/property-feature/emergency-exit/page/5,archive,Emergency Exit - Phuket Property Service - Page 5,,/properties,200,
https://psmphuket.com/property-feature/barbecue-area/page/8,archive,Barbecue Area - Phuket Property Service - Page 8,,/properties,200,
https://psmphuket.com/property-feature/fire-alarm/page/5,archive,Fire Alarm - Phuket Property Service - Page 5,,/properties,200,
https://psmphuket.com/property-status/for-sale/page/16,archive,For Sale - Phuket Property Service - Page 16,,/properties,200,
https://psmphuket.com/property-feature/covered-car-park/page/9,archive,Covered Car Park - Phuket Property Service - Page 9,,/properties,200,
https://psmphuket.com/property-feature/parking/page/4,archive,Parking - Phuket Property Service - Page 4,,/properties,200,
https://psmphuket.com/property-feature/fire-alarm/page/4,archive,Fire Alarm - Phuket Property Service - Page 4,,/properties,200,
https://psmphuket.com/property-feature/parking/page/3,archive,Parking - Phuket Property Service - Page 3,,/properties,200,
https://psmphuket.com/property-feature/laundry-room/page/3,archive,Laundry Room - Phuket Property Service - Page 3,,/properties,200,
https://psmphuket.com/property-feature/garden/page/10,archive,Garden - Phuket Property Service - Page 10,,/properties,200,
https://psmphuket.com/property-feature/parking/page/6,archive,Parking - Phuket Property Service - Page 6,,/properties,200,
https://psmphuket.com/property-feature/terace/page/11,archive,Terace - Phuket Property Service - Page 11,,/properties,200,
https://psmphuket.com/property-feature/covered-car-park/page/2,archive,Covered Car Park - Phuket Property Service - Page 2,,/properties,200,
https://psmphuket.com/property-feature/kitchen/page/8,archive,Kitchen - Phuket Property Service - Page 8,,/properties,200,
https://psmphuket.com/property-feature/elevator/page/3,archive,Elevator - Phuket Property Service - Page 3,,/properties,200,
https://psmphuket.com/property-status/for-rent/page/6,archive,For Rent - Phuket Property Service - Page 6,,/properties,200,
https://psmphuket.com/property-feature/next-to-busy-way/page/2,archive,Next to busy way - Phuket Property Service - Page 2,,/properties,200,
https://psmphuket.com/property-status/for-sale/page/9,archive,For Sale - Phuket Property Service - Page 9,,/properties,200,
https://psmphuket.com/property-feature/living-room/page/3,archive,Living room - Phuket Property Service - Page 3,,/properties,200,
https://psmphuket.com/property-feature/garden/page/8,archive,Garden - Phuket Property Service - Page 8,,/properties,200,
https://psmphuket.com/property-feature/sea-view/page/2,archive,Sea View - Phuket Property Service - Page 2,,/properties,200,
https://psmphuket.com/property-feature/sea-view/page/5,archive,Sea View - Phuket Property Service - Page 5,,/properties,200,
https://psmphuket.com/property-feature/living-room/page/2,archive,Living room - Phuket Property Service - Page 2,,/properties,200,
https://psmphuket.com/property-feature/balcony/page/11,archive,Balcony - Phuket Property Service - Page 11,,/properties,200,
https://psmphuket.com/contact,contact,Contact - Phuket Property Service,,/contact,200,
https://psmphuket.com,homepage,Home - Phuket Property Service,,/,200,
https://psmphuket.com/,homepage,Home - Phuket Property Service,,/,200,
https://psmphuket.com/gallery-2-columns,page,Gallery properties - Phuket Property Service,,/properties,200,
https://psmphuket.com/compare-properties,page,Compare Properties - Phuket Property Service,,/properties,200,
https://psmphuket.com/news,page,News - Phuket Property Service,News,/properties,200,
https://psmphuket.com/gallery-2-columns/page/4,page,Gallery properties - Phuket Property Service - Page 4,,/properties,200,
https://psmphuket.com/page/16,page,Home - Phuket Property Service - Page 16,,/properties,200,
https://psmphuket.com/our-agents,page,Our Agents - Phuket Property Service,,/properties,200,
https://psmphuket.com/gallery-2-columns/page/7,page,Gallery properties - Phuket Property Service - Page 7,,/properties,200,
https://psmphuket.com/gallery-2-columns/page/6,page,Gallery properties - Phuket Property Service - Page 6,,/properties,200,
https://psmphuket.com/page/3,page,Home - Phuket Property Service - Page 3,,/properties,200,
https://psmphuket.com/gallery-2-columns/page/5,page,Gallery properties - Phuket Property Service - Page 5,,/properties,200,
https://psmphuket.com/gallery-2-columns/page/3,page,Gallery properties - Phuket Property Service - Page 3,,/properties,200,
https://psmphuket.com/page/62,page,Home - Phuket Property Service - Page 62,,/properties,200,
https://psmphuket.com/page/6,page,Home - Phuket Property Service - Page 6,,/properties,200,
https://psmphuket.com/page/59,page,Home - Phuket Property Service - Page 59,,/properties,200,
https://psmphuket.com/page/14,page,Home - Phuket Property Service - Page 14,,/properties,200,
https://psmphuket.com/gallery-2-columns/page/10,page,Gallery properties - Phuket Property Service - Page 10,,/properties,200,
https://psmphuket.com/page/61,page,Home - Phuket Property Service - Page 61,,/properties,200,
https://psmphuket.com/page/4,page,Home - Phuket Property Service - Page 4,,/properties,200,
https://psmphuket.com/gallery-2-columns/page/2,page,Gallery properties - Phuket Property Service - Page 2,,/properties,200,
https://psmphuket.com/page/56,page,Home - Phuket Property Service - Page 56,,/properties,200,
https://psmphuket.com/page/15,page,Home - Phuket Property Service - Page 15,,/properties,200,
https://psmphuket.com/properties-search,page,Properties Search - Phuket Property Service,,/properties,200,
https://psmphuket.com/gallery-2-columns/page/8,page,Gallery properties - Phuket Property Service - Page 8,,/properties,200,
https://psmphuket.com/properties-search/page/4,page,Properties Search - Phuket Property Service - Page 4,,/properties,200,
https://psmphuket.com/page/17,page,Home - Phuket Property Service - Page 17,,/properties,200,
https://psmphuket.com/page/54,page,Home - Phuket Property Service - Page 54,,/properties,200,
https://psmphuket.com/properties-search/page/2,page,Properties Search - Phuket Property Service - Page 2,,/properties,200,
https://psmphuket.com/page/13,page,Home - Phuket Property Service - Page 13,,/properties,200,
https://psmphuket.com/page/55,page,Home - Phuket Property Service - Page 55,,/properties,200,
https://psmphuket.com/gallery-2-columns/page/9,page,Gallery properties - Phuket Property Service - Page 9,,/properties,200,
https://psmphuket.com/properties-search/page/7,page,Properties Search - Phuket Property Service - Page 7,,/properties,200,
https://psmphuket.com/properties-search/page/8,page,Properties Search - Phuket Property Service - Page 8,,/properties,200,
https://psmphuket.com/properties-search/page/10,page,Properties Search - Phuket Property Service - Page 10,,/properties,200,
https://psmphuket.com/page/19,page,Home - Phuket Property Service - Page 19,,/properties,200,
https://psmphuket.com/gallery-2-columns/page/11,page,Gallery properties - Phuket Property Service - Page 11,,/properties,200,
https://psmphuket.com/page/5,page,Home - Phuket Property Service - Page 5,,/properties,200,
https://psmphuket.com/properties-search/page/11,page,Properties Search - Phuket Property Service - Page 11,,/properties,200,
https://psmphuket.com/page/20,page,Home - Phuket Property Service - Page 20,,/properties,200,
https://psmphuket.com/page/9,page,Home - Phuket Property Service - Page 9,,/properties,200,
https://psmphuket.com/properties-search/page/9,page,Properties Search - Phuket Property Service - Page 9,,/properties,200,
https://psmphuket.com/page/21,page,Home - Phuket Property Service - Page 21,,/properties,200,
https://psmphuket.com/page/12,page,Home - Phuket Property Service - Page 12,,/properties,200,
https://psmphuket.com/properties-search/page/14,page,Properties Search - Phuket Property Service - Page 14,,/properties,200,
https://psmphuket.com/gallery-2-columns/page/14,page,Gallery properties - Phuket Property Service - Page 14,,/properties,200,
https://psmphuket.com/page/10,page,Home - Phuket Property Service - Page 10,,/properties,200,
https://psmphuket.com/properties-search/page/6,page,Properties Search - Phuket Property Service - Page 6,,/properties,200,
https://psmphuket.com/our-agents/page/2,page,Our Agents - Phuket Property Service - Page 2,,/properties,200,
https://psmphuket.com/page/2,page,Home - Phuket Property Service - Page 2,,/properties,200,
https://psmphuket.com/page/53,page,Home - Phuket Property Service - Page 53,,/properties,200,
https://psmphuket.com/properties-search/page/3,page,Properties Search - Phuket Property Service - Page 3,,/properties,200,
https://psmphuket.com/gallery-2-columns/page/15,page,Gallery properties - Phuket Property Service - Page 15,,/properties,200,
https://psmphuket.com/page/60,page,Home - Phuket Property Service - Page 60,,/properties,200,
https://psmphuket.com/properties-search/page/15,page,Properties Search - Phuket Property Service - Page 15,,/properties,200,
https://psmphuket.com/page/46,page,Home - Phuket Property Service - Page 46,,/properties,200,
https://psmphuket.com/page/57,page,Home - Phuket Property Service - Page 57,,/properties,200,
https://psmphuket.com/page/51,page,Home - Phuket Property Service - Page 51,,/properties,200,
https://psmphuket.com/properties-search/page/18,page,Properties Search - Phuket Property Service - Page 18,,/properties,200,
https://psmphuket.com/gallery-2-columns/page/13,page,Gallery properties - Phuket Property Service - Page 13,,/properties,200,
https://psmphuket.com/page/18,page,Home - Phuket Property Service - Page 18,,/properties,200,
https://psmphuket.com/page/22,page,Home - Phuket Property Service - Page 22,,/properties,200,
https://psmphuket.com/page/11,page,Home - Phuket Property Service - Page 11,,/properties,200,
https://psmphuket.com/properties-search/page/5,page,Properties Search - Phuket Property Service - Page 5,,/properties,200,
https://psmphuket.com/page/43,page,Home - Phuket Property Service - Page 43,,/properties,200,
https://psmphuket.com/page/41,page,Home - Phuket Property Service - Page 41,,/properties,200,
https://psmphuket.com/page/58,page,Home - Phuket Property Service - Page 58,,/properties,200,
https://psmphuket.com/page/24,page,Home - Phuket Property Service - Page 24,,/properties,200,
https://psmphuket.com/gallery-2-columns/page/12,page,Gallery properties - Phuket Property Service - Page 12,,/properties,200,
https://psmphuket.com/page/38,page,Home - Phuket Property Service - Page 38,,/properties,200,
https://psmphuket.com/page/47,page,Home - Phuket Property Service - Page 47,,/properties,200,
https://psmphuket.com/page/23,page,Home - Phuket Property Service - Page 23,,/properties,200,
https://psmphuket.com/page/44,page,Home - Phuket Property Service - Page 44,,/properties,200,
https://psmphuket.com/page/7,page,Home - Phuket Property Service - Page 7,,/properties,200,
https://psmphuket.com/page/8,page,Home - Phuket Property Service - Page 8,,/properties,200,
https://psmphuket.com/page/40,page,Home - Phuket Property Service - Page 40,,/properties,200,
https://psmphuket.com/page/42,page,Home - Phuket Property Service - Page 42,,/properties,200,
https://psmphuket.com/gallery-2-columns/page/18,page,Gallery properties - Phuket Property Service - Page 18,,/properties,200,
https://psmphuket.com/page/48,page,Home - Phuket Property Service - Page 48,,/properties,200,
https://psmphuket.com/properties-search/page/12,page,Properties Search - Phuket Property Service - Page 12,,/properties,200,
https://psmphuket.com/page/27,page,Home - Phuket Property Service - Page 27,,/properties,200,
https://psmphuket.com/properties-search/page/20,page,Properties Search - Phuket Property Service - Page 20,,/properties,200,
https://psmphuket.com/page/52,page,Home - Phuket Property Service - Page 52,,/properties,200,
https://psmphuket.com/page/50,page,Home - Phuket Property Service - Page 50,,/properties,200,
https://psmphuket.com/page/37,page,Home - Phuket Property Service - Page 37,,/properties,200,
https://psmphuket.com/page/29,page,Home - Phuket Property Service - Page 29,,/properties,200,
https://psmphuket.com/property/modern-tropical-luxury-meets-unbeatable-convenience,property,Modern Tropical Luxury Meets Unbeatable Convenience - Phuket Property Service,Modern Tropical Luxury Meets Unbeatable Convenience,/listings/modern-tropical-luxury-meets-unbeatable-convenience,200,
https://psmphuket.com/property/manon-pool-villa-luxury-tropical-living-in-rawai,property,MANON POOL VILLA – LUXURY TROPICAL LIVING IN RAWAI - Phuket Property Service,MANON POOL VILLA – LUXURY TROPICAL LIVING IN RAWAI,/listings/manon-pool-villa-luxury-tropical-living-in-rawai,200,
https://psmphuket.com/property/luxurious-pool-villa,property,Luxurious Pool Villa in Rawai - Phuket Property Service,Luxurious Pool Villa in Rawai,/listings/luxurious-pool-villa,200,
https://psmphuket.com/property/condo-for-sale-in-nai-harn-phuket,property,"Condo for Sale in Nai Harn, Phuket! - Phuket Property Service","Condo for Sale in Nai Harn, Phuket!",/listings/condo-for-sale-in-nai-harn-phuket,200,
https://psmphuket.com/property/stunning-renovated-pool-villa-for-rent-in-rawai-move-in-ready,property,Stunning Renovated Pool Villa for Rent in Rawai – Move-in Ready! - Phuket Property Service,Stunning Renovated Pool Villa for Rent in Rawai – Move-in Ready!,/listings/stunning-renovated-pool-villa-for-rent-in-rawai-move-in-ready,200,
https://psmphuket.com/property/top-floor-luxury-apartment,property,Top-floor luxury apartment - Phuket Property Service,Top-floor luxury apartment,/listings/top-floor-luxury-apartment,200,
https://psmphuket.com/property/luxury-4-bedroom-pool-villa-chalong-bay,property,Luxury 4-Bedroom Pool Villa – Chalong Bay - Phuket Property Service,Luxury 4-Bedroom Pool Villa – Chalong Bay,/listings/luxury-4-bedroom-pool-villa-chalong-bay,200,
https://psmphuket.com/property/luxprime-villa,property,LuxPrime Villa - Phuket Property Service,LuxPrime Villa,/listings/luxprime-villa,200,
https://psmphuket.com/property/calypso-garden,property,Luxurious Sea View apartment - Phuket Property Service,Luxurious Sea View apartment,/listings/calypso-garden,200,
https://psmphuket.com/property/luxury-sea-view-pool-villa-3-bedrooms-4-bathrooms,property,"Luxury Sea View Pool Villa – 3 Bedrooms, 4 Bathrooms - Phuket Property Service","Luxury Sea View Pool Villa – 3 Bedrooms, 4 Bathrooms",/listings/luxury-sea-view-pool-villa-3-bedrooms-4-bathrooms,200,
https://psmphuket.com/property/brand-new-luxury-modern-pool-villa-mountains-view,property,Brand new Luxury Modern Pool Villa Mountains view - Phuket Property Service,Brand new Luxury Modern Pool Villa Mountains view,/listings/brand-new-luxury-modern-pool-villa-mountains-view,200,
https://psmphuket.com/property/urgent-sale-premium-studio-apartment-near-nai-harn-beach-rare-foreigner-freehold-opportunity-only-3-2-million-thb,property,Urgent Sale: Premium Studio Apartment Near Nai Harn Beach Rare Foreigner Freehold Opportunity | Only 3.2 Million THB - Phuket Property Service,Urgent Sale: Premium Studio Apartment Near Nai Harn Beach Rare Foreigner Freehold Opportunity | Only 3.2 Million THB,/listings/urgent-sale-premium-studio-apartment-near-nai-harn-beach-rare-foreigner-freehold-opportunity-only-3-2-million-thb,200,
https://psmphuket.com/property/beach-front-codo-for-rent,property,Beach front codo for rent - Phuket Property Service,Beach front codo for rent,/listings/beach-front-codo-for-rent,200,
https://psmphuket.com/property/specious-modern-pool-villa-in-rawai,property,Specious Modern Pool Villa in Rawai - Phuket Property Service,Specious Modern Pool Villa in Rawai,/listings/specious-modern-pool-villa-in-rawai,200,
https://psmphuket.com/property/pool-villa-in-rawai-4-bedrooms,property,Pool Villa in Rawai 4 bedrooms - Phuket Property Service,Pool Villa in Rawai 4 bedrooms,/listings/pool-villa-in-rawai-4-bedrooms,200,
https://psmphuket.com/property/land-for-sale-in-chalong-1-5-km-from-the-beach,property,Land for sale in Chalong 1.5 km. from the beach - Phuket Property Service,Land for sale in Chalong 1.5 km. from the beach,/listings/land-for-sale-in-chalong-1-5-km-from-the-beach,200,
https://psmphuket.com/property/land-and-house-chalong-large-garden,property,"Land and House Chalong, Large garden - Phuket Property Service","Land and House Chalong, Large garden",/listings/land-and-house-chalong-large-garden,200,
https://psmphuket.com/property/karon-luxury-condo-for-sale-2-br-dream-residence-with-full-resort-facilities-rooftop-pool,property,Karon Luxury Condo for Sale: 2-BR Dream Residence with Full Resort Facilities & Rooftop Pool - Phuket Property Service,Karon Luxury Condo for Sale: 2-BR Dream Residence with Full Resort Facilities & Rooftop Pool,/listings/karon-luxury-condo-for-sale-2-br-dream-residence-with-full-resort-facilities-rooftop-pool,200,
https://psmphuket.com/property/beach-front-apartment,property,Beach front apartment - Phuket Property Service,Beach front apartment,/listings/beach-front-apartment,200,
https://psmphuket.com/property/luxury-pool-villa-in-rawai-your-private-tropical-sanctuary,property,Luxury Pool Villa in Rawai – Your Private Tropical Sanctuary - Phuket Property Service,Luxury Pool Villa in Rawai – Your Private Tropical Sanctuary,/listings/luxury-pool-villa-in-rawai-your-private-tropical-sanctuary,200,
https://psmphuket.com/property/studio-deluxe-with-pool-garden-view-new-rawai-project,property,Studio Deluxe with Pool/Garden View – New Rawai Project - Phuket Property Service,Studio Deluxe with Pool/Garden View – New Rawai Project,/listings/studio-deluxe-with-pool-garden-view-new-rawai-project,200,
https://psmphuket.com/property/brand-new-luxury-apartment-calypso-garden-residence-rawai-nai-harn,property,Luxury Apartment – Rawai-Nai Harn - Phuket Property Service,Luxury Apartment – Rawai-Nai Harn,/listings/brand-new-luxury-apartment-calypso-garden-residence-rawai-nai-harn,200,
https://psmphuket.com/property/stunning-pool-villa-for-sale-in-thalang-phuket,property,"Stunning Pool Villa For Sale in Thalang, Phuket - Phuket Property Service","Stunning Pool Villa For Sale in Thalang, Phuket",/listings/stunning-pool-villa-for-sale-in-thalang-phuket,200,
https://psmphuket.com/property/ocean-view-pool-villa-in-rawai,property,Ocean view Pool Villa in Rawai - Phuket Property Service,Ocean view Pool Villa in Rawai,/listings/ocean-view-pool-villa-in-rawai,200,
https://psmphuket.com/property/stunning-modern-tropical-villa-500-sq-m,property,Stunning Modern Tropical Villa – 500 sq.m. - Phuket Property Service,Stunning Modern Tropical Villa – 500 sq.m.,/listings/stunning-modern-tropical-villa-500-sq-m,200,
https://psmphuket.com/property/villa-margo-rawai-luxury-pool-villa,property,Villa Margo Rawai – Luxury Pool Villa - Phuket Property Service,Villa Margo Rawai – Luxury Pool Villa,/listings/villa-margo-rawai-luxury-pool-villa,200,
https://psmphuket.com/property/tropical-pool-villa-in-rawai-for-rent,property,Tropical Pool Villa in Rawai for rent - Phuket Property Service,Tropical Pool Villa in Rawai for rent,/listings/tropical-pool-villa-in-rawai-for-rent,200,
https://psmphuket.com/property/sea-view-apartment-rawai,property,Sea view Apartment Rawai - Phuket Property Service,Sea view Apartment Rawai,/listings/sea-view-apartment-rawai,200,
https://psmphuket.com/property/luxury-apartment-at-calypso-garden-residence-rawai-nai-harn,property,"Luxury Apartment at Calypso Garden Residence, Rawai-Nai Harn - Phuket Property Service","Luxury Apartment at Calypso Garden Residence, Rawai-Nai Harn",/listings/luxury-apartment-at-calypso-garden-residence-rawai-nai-harn,200,
https://psmphuket.com/property/stunning-pool-villa-for-sela-rawai-your-private-paradise-awaits,property,STUNNING POOL VILLA FOR SELA – RAWAI Your Private Paradise Awaits - Phuket Property Service,STUNNING POOL VILLA FOR SELA – RAWAI Your Private Paradise Awaits,/listings/stunning-pool-villa-for-sela-rawai-your-private-paradise-awaits,200,
https://psmphuket.com/property/chalong-inter-ville,property,Chalong Inter Ville - Phuket Property Service,Chalong Inter Ville,/listings/chalong-inter-ville,200,
https://psmphuket.com/property/land-in-rawai-362-sq-m,property,Land in Rawai 362 Sq.m. - Phuket Property Service,Land in Rawai 362 Sq.m.,/listings/land-in-rawai-362-sq-m,200,
https://psmphuket.com/property/calypso-2-bedrooms,property,Calypso@Nai Harn beach 2 Bedrooms - Phuket Property Service,Calypso@Nai Harn beach 2 Bedrooms,/listings/calypso-2-bedrooms,200,
https://psmphuket.com/property/luxury-pool-villa-special-pre-high-season-sale,property,LUXURY POOL VILLA – SPECIAL PRE-HIGH SEASON SALE! - Phuket Property Service,LUXURY POOL VILLA – SPECIAL PRE-HIGH SEASON SALE!,/listings/luxury-pool-villa-special-pre-high-season-sale,200,
https://psmphuket.com/property/karon-butterfly-residence-luxury-1-bedroom-apartment,property,Karon Butterfly Residence – Luxury 1-Bedroom Apartment - Phuket Property Service,Karon Butterfly Residence – Luxury 1-Bedroom Apartment,/listings/karon-butterfly-residence-luxury-1-bedroom-apartment,200,
https://psmphuket.com/property/exceptional-3-bedroom-pool-villa-for-rent-in-rawai-phuket,property,"Exceptional 3-Bedroom Pool Villa for Rent in Rawai, Phuket - Phuket Property Service","Exceptional 3-Bedroom Pool Villa for Rent in Rawai, Phuket",/listings/exceptional-3-bedroom-pool-villa-for-rent-in-rawai-phuket,200,
https://psmphuket.com/property/luxurious-studio-panoramic-vistas-in-paradise-for-sale,property,Luxurious Studio Panoramic vistas in paradise for sale - Phuket Property Service,Luxurious Studio Panoramic vistas in paradise for sale,/listings/luxurious-studio-panoramic-vistas-in-paradise-for-sale,200,
https://psmphuket.com/property/luxury-pool-villa-for-sale-or-rent,property,Luxury Pool Villa – For Sale or Rent - Phuket Property Service,Luxury Pool Villa – For Sale or Rent,/listings/luxury-pool-villa-for-sale-or-rent,200,
https://psmphuket.com/property/the-bell-condominium-fully-renovated-studio-for-sale,property,The Bell Condominium – Fully Renovated Studio for Sale - Phuket Property Service,The Bell Condominium – Fully Renovated Studio for Sale,/listings/the-bell-condominium-fully-renovated-studio-for-sale,200,
https://psmphuket.com/property/kata-ocean-view,property,Kata Ocean View - Phuket Property Service,Kata Ocean View,/listings/kata-ocean-view,200,
https://psmphuket.com/property/stunning-3-story-villa-in-chalong-long-term-rental,property,Stunning 3-Story Villa in Chalong – Long Term Rental - Phuket Property Service,Stunning 3-Story Villa in Chalong – Long Term Rental,/listings/stunning-3-story-villa-in-chalong-long-term-rental,200,
https://psmphuket.com/property/luxurious-3-bedroom-pool-villa-near-bis-international-school-phuket,property,Luxurious 3-Bedroom Pool Villa Near BIS International School Phuket - Phuket Property Service,Luxurious 3-Bedroom Pool Villa Near BIS International School Phuket,/listings/luxurious-3-bedroom-pool-villa-near-bis-international-school-phuket,200,
https://psmphuket.com/property/cozy-sea-view-villa,property,Cozy Sea View Villa - Phuket Property Service,Cozy Sea View Villa,/listings/cozy-sea-view-villa,200,
https://psmphuket.com/property/rawai-condo-for-rent-ready-to-move-in,property,RAWAI CONDO FOR RENT – READY TO MOVE IN! - Phuket Property Service,RAWAI CONDO FOR RENT – READY TO MOVE IN!,/listings/rawai-condo-for-rent-ready-to-move-in,200,
https://psmphuket.com/property/calypso-2-bedrooms-2,property,Apartment 2 Bedrooms Rawai beach - Phuket Property Service,Apartment 2 Bedrooms Rawai beach,/listings/calypso-2-bedrooms-2,200,
https://psmphuket.com/property/calypso-garden-mountains-sunset-view,property,Sunset view luxury apartment - Phuket Property Service,Sunset view luxury apartment,/listings/calypso-garden-mountains-sunset-view,200,
https://psmphuket.com/property/villa-thalang,property,Villa Thalang - Phuket Property Service,Villa Thalang,/listings/villa-thalang,200,
https://psmphuket.com/property/prime-corner-unit-in-rawai-seaview-condominium-just-300m-from-beach,property,Prime Corner Unit in Rawai Seaview Condominium – Just 300m from Beach - Phuket Property Service,Prime Corner Unit in Rawai Seaview Condominium – Just 300m from Beach,/listings/prime-corner-unit-in-rawai-seaview-condominium-just-300m-from-beach,200,
https://psmphuket.com/property/modern-condo-in-nai-harn-2,property,Modern Condo in Nai Harn - Phuket Property Service,Modern Condo in Nai Harn,/listings/modern-condo-in-nai-harn-2,200,
https://psmphuket.com/property/villa-palms-garden-rawai-brand-new-luxury-pool-villa,property,Villa Palms Garden Rawai – Brand New Luxury Pool Villa - Phuket Property Service,Villa Palms Garden Rawai – Brand New Luxury Pool Villa,/listings/villa-palms-garden-rawai-brand-new-luxury-pool-villa,200,
https://psmphuket.com/property/double-storey-detached-house-with-private-pool,property,Double storey detached house with private pool - Phuket Property Service,Double storey detached house with private pool,/listings/double-storey-detached-house-with-private-pool,200,
https://psmphuket.com/property/new-deluxe-pet-friendly-condominium-near-the-rawai,property,New Deluxe pet-friendly condominium near the Rawai - Phuket Property Service,New Deluxe pet-friendly condominium near the Rawai,/listings/new-deluxe-pet-friendly-condominium-near-the-rawai,200,
https://psmphuket.com/property/luxury-living-in-the-heart-of-rawai,property,Luxury Living in Rawai - Phuket Property Service,Luxury Living in Rawai,/listings/luxury-living-in-the-heart-of-rawai,200,
https://psmphuket.com/property/modern-studio-condo-in-karon,property,Modern Studio Condo in Karon - Phuket Property Service,Modern Studio Condo in Karon,/listings/modern-studio-condo-in-karon,200,
https://psmphuket.com/property/chalong-interville-condo,property,Chalong Interville Condo - Phuket Property Service,Chalong Interville Condo,/listings/chalong-interville-condo,200,
https://psmphuket.com/property/harmony-club-apartments-where-thoughtfulness-meets-luxury,property,Harmony Club Apartments – Where Thoughtfulness Meets Luxury - Phuket Property Service,Harmony Club Apartments – Where Thoughtfulness Meets Luxury,/listings/harmony-club-apartments-where-thoughtfulness-meets-luxury,200,
https://psmphuket.com/property/the-deck-patong-sansiri-top-floor-penthouse-with-spectacular-views,property,THE DECK PATONG | SANSIRI – TOP FLOOR PENTHOUSE WITH SPECTACULAR VIEWS! - Phuket Property Service,THE DECK PATONG | SANSIRI – TOP FLOOR PENTHOUSE WITH SPECTACULAR VIEWS!,/listings/the-deck-patong-sansiri-top-floor-penthouse-with-spectacular-views,200,
https://psmphuket.com/property/rawai-luxury-pool-villa,property,Rawai Luxury Pool Villa - Phuket Property Service,Rawai Luxury Pool Villa,/listings/rawai-luxury-pool-villa,200,
https://psmphuket.com/property/ozone-condo-bangtao-your-tropical-paradise-awaits-modern-living-in-phukets-premier-location,property,Ozone Condo Bangtao – Your Tropical Paradise Awaits Modern Living in Phuket’s Premier Location - Phuket Property Service,Ozone Condo Bangtao – Your Tropical Paradise Awaits Modern Living in Phuket’s Premier Location,/listings/ozone-condo-bangtao-your-tropical-paradise-awaits-modern-living-in-phukets-premier-location,200,
https://psmphuket.com/property/exclusive-luxury-pool-villas-limited-collection-only-2-premium-units-available-pre-sale-launch,property,Exclusive Luxury Pool Villas – Limited Collection Only 2 Premium Units Available | Pre-Sale Launch - Phuket Property Service,Exclusive Luxury Pool Villas – Limited Collection Only 2 Premium Units Available | Pre-Sale Launch,/listings/exclusive-luxury-pool-villas-limited-collection-only-2-premium-units-available-pre-sale-launch,200,
https://psmphuket.com/property/seaview-penthouse-at-kata-beach,property,Seaview Penthouse at Kata Beach - Phuket Property Service,Seaview Penthouse at Kata Beach,/listings/seaview-penthouse-at-kata-beach,200,
https://psmphuket.com/property/brand-new-balinese-pool-villa,property,Luxury Balinese Pool Villa for sale - Phuket Property Service,Luxury Balinese Pool Villa for sale,/listings/brand-new-balinese-pool-villa,200,
https://psmphuket.com/property/charin-pattaya-villa-luxury-modern-living-new-project-launch,property,Charin Pattaya Villa – Luxury Modern Living NEW PROJECT LAUNCH - Phuket Property Service,Charin Pattaya Villa – Luxury Modern Living NEW PROJECT LAUNCH,/listings/charin-pattaya-villa-luxury-modern-living-new-project-launch,200,
https://psmphuket.com/property/passorn-kathu-villa-brand-new-luxury-villa,property,PASSORN KATHU VILLA – Brand New Luxury Villa - Phuket Property Service,PASSORN KATHU VILLA – Brand New Luxury Villa,/listings/passorn-kathu-villa-brand-new-luxury-villa,200,
https://psmphuket.com/property/calypso,property,Calypso Condo @ Nai Harn beach - Phuket Property Service,Calypso Condo @ Nai Harn beach,/listings/calypso,200,
https://psmphuket.com/property/freehold-beachside-apartment-rawai-paradise,property,FREEHOLD BEACHSIDE APARTMENT – RAWAI PARADISE - Phuket Property Service,FREEHOLD BEACHSIDE APARTMENT – RAWAI PARADISE,/listings/freehold-beachside-apartment-rawai-paradise,200,
https://psmphuket.com/property/charming-3-bed-villa-with-private-pool-ready-to-move-in-2,property,CHARMING 3-BED VILLA WITH PRIVATE POOL – READY TO MOVE IN - Phuket Property Service,CHARMING 3-BED VILLA WITH PRIVATE POOL – READY TO MOVE IN,/listings/charming-3-bed-villa-with-private-pool-ready-to-move-in-2,200,
https://psmphuket.com/property/stunning-3-bedroom-villa-with-private-pool-long-term-rental,property,Stunning 3-Bedroom Villa with Private Pool – Long Term Rental - Phuket Property Service,Stunning 3-Bedroom Villa with Private Pool – Long Term Rental,/listings/stunning-3-bedroom-villa-with-private-pool-long-term-rental,200,
https://psmphuket.com/property/stylish-pool-villa-for-rent-in-the-heart-of-rawai,property,Stylish Pool Villa for Rent in the Heart of Rawai - Phuket Property Service,Stylish Pool Villa for Rent in the Heart of Rawai,/listings/stylish-pool-villa-for-rent-in-the-heart-of-rawai,200,
https://psmphuket.com/property/tropical-pool-villa,property,Tropical Pool Villa 600 Sq.m. Land plot - Phuket Property Service,Tropical Pool Villa 600 Sq.m. Land plot,/listings/tropical-pool-villa,200,
https://psmphuket.com/property/calypso-condominium-top-floor-sunset,property,"Top Floor Sunset view, walking distance to the beach - Phuket Property Service","Top Floor Sunset view, walking distance to the beach",/listings/calypso-condominium-top-floor-sunset,200,
https://psmphuket.com/property/modern-condo,property,Modern condo - Phuket Property Service,Modern condo,/listings/modern-condo,200,
https://psmphuket.com/property/philia-villas-saiyuan-premium-pool-villa-in-prime-rawai-location,property,Philia Villas Saiyuan – Premium Pool Villa in Prime Rawai Location - Phuket Property Service,Philia Villas Saiyuan – Premium Pool Villa in Prime Rawai Location,/listings/philia-villas-saiyuan-premium-pool-villa-in-prime-rawai-location,200,
https://psmphuket.com/property/elegant-3-bedroom-pool-villa-with-garden-views,property,Elegant 3-Bedroom Pool Villa with Garden Views - Phuket Property Service,Elegant 3-Bedroom Pool Villa with Garden Views,/listings/elegant-3-bedroom-pool-villa-with-garden-views,200,
https://psmphuket.com/property/chalong-new-house,property,Chalong New House - Phuket Property Service,Chalong New House,/listings/chalong-new-house,200,
https://psmphuket.com/property/stunning-tropical-pool-villa-in-premium-rawai-location,property,Stunning Tropical Pool Villa in Premium Rawai Location - Phuket Property Service,Stunning Tropical Pool Villa in Premium Rawai Location,/listings/stunning-tropical-pool-villa-in-premium-rawai-location,200,
https://psmphuket.com/property/private-pool-villa-for-sale-chalong-phuket,property,"PRIVATE POOL VILLA FOR SALE – CHALONG, PHUKET - Phuket Property Service","PRIVATE POOL VILLA FOR SALE – CHALONG, PHUKET",/listings/private-pool-villa-for-sale-chalong-phuket,200,
https://psmphuket.com/property/palai-pool-villa,property,Palai Pool Villa - Phuket Property Service,Palai Pool Villa,/listings/palai-pool-villa,200,
https://psmphuket.com/property/bon-casa-villa-green,property,Bon Casa Villa Green - Phuket Property Service,Bon Casa Villa Green,/listings/bon-casa-villa-green,200,
https://psmphuket.com/property/private-pool-villa-in-rawai-only-5-minutes-from-the-beach,property,Private Pool Villa in Rawai – Only 5 Minutes from the Beach - Phuket Property Service,Private Pool Villa in Rawai – Only 5 Minutes from the Beach,/listings/private-pool-villa-in-rawai-only-5-minutes-from-the-beach,200,
https://psmphuket.com/property/calypso-mountain-sunset,property,Calypso Mountain/Sunset - Phuket Property Service,Calypso Mountain/Sunset,/listings/calypso-mountain-sunset,200,
https://psmphuket.com/property/lavish-estates,property,LAVISH ESTATES - Phuket Property Service,LAVISH ESTATES,/listings/lavish-estates,200,
https://psmphuket.com/property/calypso-condominium-freehold-beachside-livingprime-location-3-minutes-to-nai-harn-beach,property,Calypso Condominium – Freehold Beachside LivingPRIME LOCATION – 3 MINUTES TO NAI HARN BEACH - Phuket Property Service,Calypso Condominium – Freehold Beachside LivingPRIME LOCATION – 3 MINUTES TO NAI HARN BEACH,/listings/calypso-condominium-freehold-beachside-livingprime-location-3-minutes-to-nai-harn-beach,200,
https://psmphuket.com/property/villa-chalong,property,Villa Chalong - Phuket Property Service,Villa Chalong,/listings/villa-chalong,200,
https://psmphuket.com/property/luxury-pool-villa-in-prime-rawai,property,Luxury Pool Villa in Prime Rawai - Phuket Property Service,Luxury Pool Villa in Prime Rawai,/listings/luxury-pool-villa-in-prime-rawai,200,
https://psmphuket.com/property/villa-samai-architectural-masterpiece,property,VILLA SAMAI – Architectural Masterpiece - Phuket Property Service,VILLA SAMAI – Architectural Masterpiece,/listings/villa-samai-architectural-masterpiece,200,
https://psmphuket.com/property/luxury-pool-villa-in-thalang-sale-price,property,LUXURY POOL VILLA IN THALANG | SALE PRICE - Phuket Property Service,LUXURY POOL VILLA IN THALANG | SALE PRICE,/listings/luxury-pool-villa-in-thalang-sale-price,200,
https://psmphuket.com/property/paradise-rawai-villa-luxury-tropical-retreat-available-now,property,PARADISE RAWAI VILLA LUXURY TROPICAL RETREAT – AVAILABLE NOW - Phuket Property Service,PARADISE RAWAI VILLA LUXURY TROPICAL RETREAT – AVAILABLE NOW,/listings/paradise-rawai-villa-luxury-tropical-retreat-available-now,200,
https://psmphuket.com/property/sea-view-condo-rawai-beach,property,Sea view condo Rawai beach - Phuket Property Service,Sea view condo Rawai beach,/listings/sea-view-condo-rawai-beach,200,
https://psmphuket.com/property/sea-view-apartment-3,property,Sea view apartment - Phuket Property Service,Sea view apartment,/listings/sea-view-apartment-3,200,
https://psmphuket.com/property/pool-villa-for-rent-in-rawai,property,Pool Villa for rent in Rawai - Phuket Property Service,Pool Villa for rent in Rawai,/listings/pool-villa-for-rent-in-rawai,200,
https://psmphuket.com/property-type/house/page/3,property,House - Phuket Property Service - Page 3,,/listings/3,200,
https://psmphuket.com/property/phukets-private-pool-oasis-launching-at-just-17-9-million-baht,property,Phuket’s Private Pool Oasis: Launching at just 17.9 Million Baht! - Phuket Property Service,Phuket’s Private Pool Oasis: Launching at just 17.9 Million Baht!,/listings/phukets-private-pool-oasis-launching-at-just-17-9-million-baht,200,
https://psmphuket.com/property/cozy-beachside-retreat-in-nai-harn-perfect-starter-home,property,COZY BEACHSIDE RETREAT IN NAI HARN – PERFECT STARTER HOME! - Phuket Property Service,COZY BEACHSIDE RETREAT IN NAI HARN – PERFECT STARTER HOME!,/listings/cozy-beachside-retreat-in-nai-harn-perfect-starter-home,200,
https://psmphuket.com/property/loch-palm-villas-kathu-luxury-garden-villa,property,LOCH PALM VILLAS KATHU – Luxury Garden Villa - Phuket Property Service,LOCH PALM VILLAS KATHU – Luxury Garden Villa,/listings/loch-palm-villas-kathu-luxury-garden-villa,200,
https://psmphuket.com/property/family-home-for-sale-comfort-convenience-in-chalong-phuket,property,"FAMILY HOME FOR SALE: COMFORT & CONVENIENCE IN CHALONG, PHUKET - Phuket Property Service","FAMILY HOME FOR SALE: COMFORT & CONVENIENCE IN CHALONG, PHUKET",/listings/family-home-for-sale-comfort-convenience-in-chalong-phuket,200,
https://psmphuket.com/property/pool-villa-kathu,property,Pool Villa Kathu - Phuket Property Service,Pool Villa Kathu,/listings/pool-villa-kathu,200,
https://psmphuket.com/property/pool-villa-rawai,property,Pool Villa in Saiyaun - Phuket Property Service,Pool Villa in Saiyaun,/listings/pool-villa-rawai,200,
https://psmphuket.com/property/sea-view-apartment-rawai-beach,property,Sea view Apartment Rawai Beach - Phuket Property Service,Sea view Apartment Rawai Beach,/listings/sea-view-apartment-rawai-beach,200,
https://psmphuket.com/property/house-rawai,property,Cozy Thai style House Rawai - Phuket Property Service,Cozy Thai style House Rawai,/listings/house-rawai,200,
https://psmphuket.com/property/renovated-corner-pool-villa-in-prime-rawai-soi-saiyuan,property,RENOVATED CORNER POOL VILLA IN PRIME RAWAI | SOI SAIYUAN - Phuket Property Service,RENOVATED CORNER POOL VILLA IN PRIME RAWAI | SOI SAIYUAN,/listings/renovated-corner-pool-villa-in-prime-rawai-soi-saiyuan,200,
https://psmphuket.com/property/villa-rawai-4,property,5 bedrooms Villa Rawai - Phuket Property Service,5 bedrooms Villa Rawai,/listings/villa-rawai-4,200,
https://psmphuket.com/property/stunning-3-bedroom-pool-villa-for-sale-in-phuket,property,Stunning 3-Bedroom Pool Villa For Sale in Phuket - Phuket Property Service,Stunning 3-Bedroom Pool Villa For Sale in Phuket,/listings/stunning-3-bedroom-pool-villa-for-sale-in-phuket,200,
https://psmphuket.com/property/kata-seaview-apartment,property,Kata seaview apartment - Phuket Property Service,Kata seaview apartment,/listings/kata-seaview-apartment,200,
https://psmphuket.com/property/single-storey-duplex-home-rawai-phuket,property,"SINGLE-STOREY DUPLEX HOME | RAWAI, PHUKET - Phuket Property Service","SINGLE-STOREY DUPLEX HOME | RAWAI, PHUKET",/listings/single-storey-duplex-home-rawai-phuket,200,
https://psmphuket.com/property/specious-smart-home-4-bedrooms,property,Specious Smart Home 4 bedrooms - Phuket Property Service,Specious Smart Home 4 bedrooms,/listings/specious-smart-home-4-bedrooms,200,
https://psmphuket.com/property/your-phuket-dream-awaits-luxury-living-in-karon,property,YOUR PHUKET DREAM AWAITS! LUXURY LIVING IN KARON - Phuket Property Service,YOUR PHUKET DREAM AWAITS! LUXURY LIVING IN KARON,/listings/your-phuket-dream-awaits-luxury-living-in-karon,200,
https://psmphuket.com/property/exceptional-lakefront-villa-with-panoramic-mountain-and-forest-views-ban-manick,property,Exceptional Lakefront Villa with Panoramic Mountain and Forest Views – Ban Manick - Phuket Property Service,Exceptional Lakefront Villa with Panoramic Mountain and Forest Views – Ban Manick,/listings/exceptional-lakefront-villa-with-panoramic-mountain-and-forest-views-ban-manick,200,
https://psmphuket.com/property/3-bedroom-pool-villa-in-prime-rawai-location,property,3-Bedroom Pool Villa in Prime Rawai Location - Phuket Property Service,3-Bedroom Pool Villa in Prime Rawai Location,/listings/3-bedroom-pool-villa-in-prime-rawai-location,200,
https://psmphuket.com/property-type/villa/page/2,property,Villa - Phuket Property Service - Page 2,,/listings/2,200,
https://psmphuket.com/property/villa-curtis-rawai-brand-new-luxury-5-bedroom-pool-villa,property,Villa Curtis Rawai – Brand New Luxury 5-Bedroom Pool Villa - Phuket Property Service,Villa Curtis Rawai – Brand New Luxury 5-Bedroom Pool Villa,/listings/villa-curtis-rawai-brand-new-luxury-5-bedroom-pool-villa,200,
https://psmphuket.com/property/tree-villa-rawai-modern-smart-home-pool-villa,property,Tree Villa Rawai – Modern Smart Home Pool Villa - Phuket Property Service,Tree Villa Rawai – Modern Smart Home Pool Villa,/listings/tree-villa-rawai-modern-smart-home-pool-villa,200,
https://psmphuket.com/property/mountains-view-land-plot,property,Mountains view land plot - Phuket Property Service,Mountains view land plot,/listings/mountains-view-land-plot,200,
https://psmphuket.com/property/prime-corner-unit-in-rawai-seaview-condominium-long-term-rental,property,Prime Corner Unit in Rawai Seaview Condominium – Long Term Rental - Phuket Property Service,Prime Corner Unit in Rawai Seaview Condominium – Long Term Rental,/listings/prime-corner-unit-in-rawai-seaview-condominium-long-term-rental,200,
https://psmphuket.com/property/baan-chanakan-villa-chalong,property,Baan Chanakan Villa Chalong - Phuket Property Service,Baan Chanakan Villa Chalong,/listings/baan-chanakan-villa-chalong,200,
https://psmphuket.com/property/luxury-modern-villa,property,Luxury modern villa - Phuket Property Service,Luxury modern villa,/listings/luxury-modern-villa,200,
https://psmphuket.com/property/exclusive-1-bedroom-condominium-in-rawai-phuket-property-overview,property,"Exclusive 1-Bedroom Condominium in Rawai, Phuket Property Overview - Phuket Property Service","Exclusive 1-Bedroom Condominium in Rawai, Phuket Property Overview",/listings/exclusive-1-bedroom-condominium-in-rawai-phuket-property-overview,200,
https://psmphuket.com/property/villa-rawai-3,property,Villa Rawai - Phuket Property Service,Villa Rawai,/listings/villa-rawai-3,200,
https://psmphuket.com/property/stunning-sea-view-apartment-for-rent-rawai-beach,property,STUNNING SEA VIEW APARTMENT FOR RENT – RAWAI BEACH - Phuket Property Service,STUNNING SEA VIEW APARTMENT FOR RENT – RAWAI BEACH,/listings/stunning-sea-view-apartment-for-rent-rawai-beach,200,
https://psmphuket.com/property/tropical-pool-villa-in-rawai,property,Tropical Pool Villa in Rawai - Phuket Property Service,Tropical Pool Villa in Rawai,/listings/tropical-pool-villa-in-rawai,200,
https://psmphuket.com/property/fully-renovated-condo-at-connext-incredible-value,property,FULLY RENOVATED CONDO AT CONNEXT | INCREDIBLE VALUE! - Phuket Property Service,FULLY RENOVATED CONDO AT CONNEXT | INCREDIBLE VALUE!,/listings/fully-renovated-condo-at-connext-incredible-value,200,
https://psmphuket.com/property/luxury-pool-villas,property,LUXURY POOL VILLAS - Phuket Property Service,LUXURY POOL VILLAS,/listings/luxury-pool-villas,200,
https://psmphuket.com/property-type/villa/page/3,property,Villa - Phuket Property Service - Page 3,,/listings/3,200,
https://psmphuket.com/property/pool-villa-nai-harn,property,Pool Villa Nai Harn - Phuket Property Service,Pool Villa Nai Harn,/listings/pool-villa-nai-harn,200,
https://psmphuket.com/property/tropical-paradise-apartment-calypso-naiharn,property,Tropical Paradise Apartment – Calypso Naiharn - Phuket Property Service,Tropical Paradise Apartment – Calypso Naiharn,/listings/tropical-paradise-apartment-calypso-naiharn,200,
https://psmphuket.com/property/apartment-for-sale-in-title-v-rawai,property,"Apartment for Sale in Title V, Rawai - Phuket Property Service","Apartment for Sale in Title V, Rawai",/listings/apartment-for-sale-in-title-v-rawai,200,
https://psmphuket.com/property/premium-4-bedroom-pool-villa-modern-tropical-living-in-rawai,property,Premium 4-Bedroom Pool Villa – Modern Tropical Living in Rawai - Phuket Property Service,Premium 4-Bedroom Pool Villa – Modern Tropical Living in Rawai,/listings/premium-4-bedroom-pool-villa-modern-tropical-living-in-rawai,200,
https://psmphuket.com/property/phuket-hills-villas,property,Phuket hills villas - Phuket Property Service,Phuket hills villas,/listings/phuket-hills-villas,200,
https://psmphuket.com/property/brand-new-modern-villa-with-private-pool-rawai-phuket,property,"Brand New Modern Villa with Private Pool – Rawai, Phuket - Phuket Property Service","Brand New Modern Villa with Private Pool – Rawai, Phuket",/listings/brand-new-modern-villa-with-private-pool-rawai-phuket,200,
https://psmphuket.com/property/charming-3-bed-villa-with-private-pool-ready-to-move-in,property,CHARMING 3-BED VILLA WITH PRIVATE POOL – READY TO MOVE IN! - Phuket Property Service,CHARMING 3-BED VILLA WITH PRIVATE POOL – READY TO MOVE IN!,/listings/charming-3-bed-villa-with-private-pool-ready-to-move-in,200,
https://psmphuket.com/property/tropical-pool-villa-in-exclusive-soi-samakkhi-2,property,Tropical Pool Villa in Exclusive Soi Samakkhi 2 - Phuket Property Service,Tropical Pool Villa in Exclusive Soi Samakkhi 2,/listings/tropical-pool-villa-in-exclusive-soi-samakkhi-2,200,
https://psmphuket.com/property/cozy-house-in-nai-harn-baan-bua,property,Cozy House in Nai Harn Baan Bua - Phuket Property Service,Cozy House in Nai Harn Baan Bua,/listings/cozy-house-in-nai-harn-baan-bua,200,
https://psmphuket.com/property/calypso-naiharn-beachfront-condo-short-term-rental,property,Calypso Naiharn Beachfront Condo – Short Term Rental - Phuket Property Service,Calypso Naiharn Beachfront Condo – Short Term Rental,/listings/calypso-naiharn-beachfront-condo-short-term-rental,200,
https://psmphuket.com/property/land-for-sale-chalong,property,Land for sale Chalong Phuket Property Service Land for sale,Land for sale Chalong,/listings/land-for-sale-chalong,200,
https://psmphuket.com/property/charming-traditional-thai-house-with-development-potential-in-saiyuan,property,Charming Traditional Thai House with Development Potential in Saiyuan - Phuket Property Service,Charming Traditional Thai House with Development Potential in Saiyuan,/listings/charming-traditional-thai-house-with-development-potential-in-saiyuan,200,
https://psmphuket.com/property-type/house/page/2,property,House - Phuket Property Service - Page 2,,/listings/2,200,
https://psmphuket.com/property/modern-loft-apartment,property,Modern Loft Apartment - Phuket Property Service,Modern Loft Apartment,/listings/modern-loft-apartment,200,
https://psmphuket.com/property/condo-naiyang,property,Condo Naiyang beach - Phuket Property Service,Condo Naiyang beach,/listings/condo-naiyang,200,
https://psmphuket.com/property/villa-curtis-rawai-luxury-5-bedroom-pool-villa-for-rent,property,VILLA CURTIS RAWAI – LUXURY 5-BEDROOM POOL VILLA FOR RENT - Phuket Property Service,VILLA CURTIS RAWAI – LUXURY 5-BEDROOM POOL VILLA FOR RENT,/listings/villa-curtis-rawai-luxury-5-bedroom-pool-villa-for-rent,200,
https://psmphuket.com/property/rawai-pool-villa,property,Rawai Pool Villa - Phuket Property Service,Rawai Pool Villa,/listings/rawai-pool-villa,200,
https://psmphuket.com/property/newly-renovated-31-bedroom-house-chalong,property,NEWLY RENOVATED 3+1 BEDROOM HOUSE – CHALONG - Phuket Property Service,NEWLY RENOVATED 3+1 BEDROOM HOUSE – CHALONG,/listings/newly-renovated-31-bedroom-house-chalong,200,
https://psmphuket.com/property/the-base-uptown-condominium-newly-renovated-2-bed-gem,property,THE BASE UPTOWN CONDOMINIUM – Newly Renovated 2-Bed Gem! - Phuket Property Service,THE BASE UPTOWN CONDOMINIUM – Newly Renovated 2-Bed Gem!,/listings/the-base-uptown-condominium-newly-renovated-2-bed-gem,200,
https://psmphuket.com/property/spacious-garden-home-in-kathu-perfect-family-residence,property,Spacious Garden Home in Kathu – Perfect Family Residence - Phuket Property Service,Spacious Garden Home in Kathu – Perfect Family Residence,/listings/spacious-garden-home-in-kathu-perfect-family-residence,200,
https://psmphuket.com/property/luxury-4-bedroom-pool-villa-in-rawai-phuket,property,"Luxury 4-Bedroom Pool Villa in Rawai, Phuket - Phuket Property Service","Luxury 4-Bedroom Pool Villa in Rawai, Phuket",/listings/luxury-4-bedroom-pool-villa-in-rawai-phuket,200,
https://psmphuket.com/property/luxury-2-bedroom-beachfront-apartment-in-rawai,property,Luxury 2-Bedroom Beachfront Apartment in Rawai - Phuket Property Service,Luxury 2-Bedroom Beachfront Apartment in Rawai,/listings/luxury-2-bedroom-beachfront-apartment-in-rawai,200,
https://psmphuket.com/property/the-regent-bang-tao-premium-studio-apartments,property,The Regent Bang Tao – Premium Studio Apartments - Phuket Property Service,The Regent Bang Tao – Premium Studio Apartments,/listings/the-regent-bang-tao-premium-studio-apartments,200,
https://psmphuket.com/property/prestigious-botanica-modern-loft-villa-ultimate-luxury-living,property,PRESTIGIOUS BOTANICA MODERN LOFT VILLA – ULTIMATE LUXURY LIVING - Phuket Property Service,PRESTIGIOUS BOTANICA MODERN LOFT VILLA – ULTIMATE LUXURY LIVING,/listings/prestigious-botanica-modern-loft-villa-ultimate-luxury-living,200,
https://psmphuket.com/property/layalina-sea-view-villa,property,Layalina Sea View Villa - Phuket Property Service,Layalina Sea View Villa,/listings/layalina-sea-view-villa,200,
https://psmphuket.com/property/luxury-villa-in-rawai-phuket,property,"LUXURY VILLA IN RAWAI, PHUKET - Phuket Property Service","LUXURY VILLA IN RAWAI, PHUKET",/listings/luxury-villa-in-rawai-phuket,200,
https://psmphuket.com/property/sea-view-condo-classic-italian-style,property,Sea view condo classic Italian style - Phuket Property Service,Sea view condo classic Italian style,/listings/sea-view-condo-classic-italian-style,200,
https://psmphuket.com/property/calypso-garden-seaview,property,Calypso Garden Seaview - Phuket Property Service,Calypso Garden Seaview,/listings/calypso-garden-seaview,200,
https://psmphuket.com/property/premium-pool-villa-excellent-investment-opportunity,property,Premium Pool Villa – Excellent Investment Opportunity - Phuket Property Service,Premium Pool Villa – Excellent Investment Opportunity,/listings/premium-pool-villa-excellent-investment-opportunity,200,
https://psmphuket.com/property/rawai-villa,property,Villa Rawai - Phuket Property Service,Villa Rawai,/listings/rawai-villa,200,
https://psmphuket.com/property/luxury-pool-villa-in-manikram-chalong-for-sale,property,LUXURY POOL VILLA IN MANIKRAM – CHALONG | FOR SALE - Phuket Property Service,LUXURY POOL VILLA IN MANIKRAM – CHALONG | FOR SALE,/listings/luxury-pool-villa-in-manikram-chalong-for-sale,200,
https://psmphuket.com/property/luxury-modern-pool-villas-near-nai-harn-beach-2,property,LUXURY MODERN POOL VILLAS NEAR NAI HARN BEACH - Phuket Property Service,LUXURY MODERN POOL VILLAS NEAR NAI HARN BEACH,/listings/luxury-modern-pool-villas-near-nai-harn-beach-2,200,
https://psmphuket.com/property/stylish-house-for-sale-phuket-town,property,STYLISH HOUSE FOR SALE PHUKET TOWN - Phuket Property Service,STYLISH HOUSE FOR SALE PHUKET TOWN,/listings/stylish-house-for-sale-phuket-town,200,
https://psmphuket.com/property/cozy-balinese-villa,property,Cozy Balinese Style Villa - Phuket Property Service,Cozy Balinese Style Villa,/listings/cozy-balinese-villa,200,
https://psmphuket.com/property/penthouse-kata,property,Penthouse Kata - Phuket Property Service,Penthouse Kata,/listings/penthouse-kata,200,
https://psmphuket.com/property/kokyang-paradise-villa,property,"Spacious Modern Pool Villa, near Nai Harn beach - Phuket Property Service","Spacious Modern Pool Villa, near Nai Harn beach",/listings/kokyang-paradise-villa,200,
https://psmphuket.com/property/12179-2,property,"Tropical Modern Private Pool Villa in the Heart of Saiyuan, Rawai for sale - Phuket Property Service","Tropical Modern Private Pool Villa in the Heart of Saiyuan, Rawai for sale",/listings/12179-2,200,
https://psmphuket.com/property/tree-villa-rawai-luxury-modern-pool-villa,property,TREE VILLA RAWAI – Luxury Modern Pool Villa - Phuket Property Service,TREE VILLA RAWAI – Luxury Modern Pool Villa,/listings/tree-villa-rawai-luxury-modern-pool-villa,200,
https://psmphuket.com/property/newly-renovated-house-in-chalong,property,Newly Renovated House in Chalong - Phuket Property Service,Newly Renovated House in Chalong,/listings/newly-renovated-house-in-chalong,200,
https://psmphuket.com/property/amber-kata-villas-your-sanctuary-by-the-sea-experience-luxury-living-in-phukets-most-desirable-location,property,Amber Kata Villas – Your Sanctuary by the Sea Experience Luxury Living in Phuket’s Most Desirable Location - Phuket Property Service,Amber Kata Villas – Your Sanctuary by the Sea Experience Luxury Living in Phuket’s Most Desirable Location,/listings/amber-kata-villas-your-sanctuary-by-the-sea-experience-luxury-living-in-phukets-most-desirable-location,200,
https://psmphuket.com/property/modern-condo-in-nai-harn,property,Modern Condo in Nai Harn - Phuket Property Service,Modern Condo in Nai Harn,/listings/modern-condo-in-nai-harn,200,
https://psmphuket.com/property/luxury-modern-pool-villas-near-nai-harn-beach,property,LUXURY MODERN POOL VILLAS NEAR NAI HARN BEACH - Phuket Property Service,LUXURY MODERN POOL VILLAS NEAR NAI HARN BEACH,/listings/luxury-modern-pool-villas-near-nai-harn-beach,200,
https://psmphuket.com/property/spectacular-sea-view-pool-villa-yanu-hillside-paradise,property,SPECTACULAR SEA VIEW POOL VILLA YANU – HILLSIDE PARADISE! - Phuket Property Service,SPECTACULAR SEA VIEW POOL VILLA YANU – HILLSIDE PARADISE!,/listings/spectacular-sea-view-pool-villa-yanu-hillside-paradise,200,
https://psmphuket.com/property-type/villa/page/5,property,Villa - Phuket Property Service - Page 5,,/listings/5,200,
https://psmphuket.com/property/paradise-rawai-villa-luxury-tropical,property,Paradise Rawai Villa – Luxury Tropical - Phuket Property Service,Paradise Rawai Villa – Luxury Tropical,/listings/paradise-rawai-villa-luxury-tropical,200,
https://psmphuket.com/property/stunning-modern-pool-villa-in-prime-thalang,property,Stunning Modern Pool Villa in Prime Thalang - Phuket Property Service,Stunning Modern Pool Villa in Prime Thalang,/listings/stunning-modern-pool-villa-in-prime-thalang,200,
https://psmphuket.com/property/villa-rawai,property,Balinese Tropical Villa Rawai - Phuket Property Service,Balinese Tropical Villa Rawai,/listings/villa-rawai,200,
https://psmphuket.com/property/renovated-townhouse-in-prime-rawai-location,property,Renovated Townhouse in Prime Rawai Location - Phuket Property Service,Renovated Townhouse in Prime Rawai Location,/listings/renovated-townhouse-in-prime-rawai-location,200,
https://psmphuket.com/property/the-empire-ratsada-luxury-pool-villa-topland-village,property,THE EMPIRE RATSADA – LUXURY POOL VILLA | TOPLAND VILLAGE - Phuket Property Service,THE EMPIRE RATSADA – LUXURY POOL VILLA | TOPLAND VILLAGE,/listings/the-empire-ratsada-luxury-pool-villa-topland-village,200,
https://psmphuket.com/property/two-pool-villa-in-rawai,property,Two Pool Villa in rawai - Phuket Property Service,Two Pool Villa in rawai,/listings/two-pool-villa-in-rawai,200,
https://psmphuket.com/property/modern-1-bedroom-condo-near-nai-harn-beach,property,Modern 1-Bedroom Condo Near Nai Harn Beach - Phuket Property Service,Modern 1-Bedroom Condo Near Nai Harn Beach,/listings/modern-1-bedroom-condo-near-nai-harn-beach,200,
https://psmphuket.com/property/modern-townhouse-villa,property,Modern Townhouse Villa - Phuket Property Service,Modern Townhouse Villa,/listings/modern-townhouse-villa,200,
https://psmphuket.com/property/modern-thai-house-in-chalong,property,Modern Thai house in Chalong - Phuket Property Service,Modern Thai house in Chalong,/listings/modern-thai-house-in-chalong,200,
https://psmphuket.com/property/stunning-renovated-pool-villa-in-rawai-move-in-ready,property,Stunning Renovated Pool Villa in Rawai – Move-in Ready - Phuket Property Service,Stunning Renovated Pool Villa in Rawai – Move-in Ready,/listings/stunning-renovated-pool-villa-in-rawai-move-in-ready,200,
https://psmphuket.com/property/sea-view-condominium-for-sale,property,Sea View Condominium for sale - Phuket Property Service,Sea View Condominium for sale,/listings/sea-view-condominium-for-sale,200,
https://psmphuket.com/property/naiharn-villa-with-private-pool-in-rawai-phuket,property,"Naiharn Villa with Private Pool in Rawai, Phuket - Phuket Property Service","Naiharn Villa with Private Pool in Rawai, Phuket",/listings/naiharn-villa-with-private-pool-in-rawai-phuket,200,
https://psmphuket.com/property-type/villa/page/4,property,Villa - Phuket Property Service - Page 4,,/listings/4,200,
https://psmphuket.com/property/the-light-suan-luang-condo-stunning-views-fully-renovated,property,THE LIGHT SUAN LUANG CONDO | STUNNING VIEWS | FULLY RENOVATED - Phuket Property Service,THE LIGHT SUAN LUANG CONDO | STUNNING VIEWS | FULLY RENOVATED,/listings/the-light-suan-luang-condo-stunning-views-fully-renovated,200,
https://psmphuket.com/property/calypso-603-modern-1-bedroom-condominium,property,Modern Condo | Walk to Nai Harn Beach | For rent - Phuket Property Service,Modern Condo | Walk to Nai Harn Beach | For rent,/listings/calypso-603-modern-1-bedroom-condominium,200,
https://psmphuket.com/property-type/villa/page/6,property,Villa - Phuket Property Service - Page 6,,/listings/6,200,
https://psmphuket.com/property/pool-villa-in-prime-chalong-location,property,Pool Villa in Prime Chalong Location - Phuket Property Service,Pool Villa in Prime Chalong Location,/listings/pool-villa-in-prime-chalong-location,200,
https://psmphuket.com/property/exceptional-waterfront-villa-in-chalong-bay,property,Exceptional Waterfront Villa in Chalong Bay - Phuket Property Service,Exceptional Waterfront Villa in Chalong Bay,/listings/exceptional-waterfront-villa-in-chalong-bay,200,
https://psmphuket.com/property/charming-tropical-haven-steps-from-nai-harn-beach,property,Charming Tropical Haven Steps from Nai Harn Beach - Phuket Property Service,Charming Tropical Haven Steps from Nai Harn Beach,/listings/charming-tropical-haven-steps-from-nai-harn-beach,200,
https://psmphuket.com/property/sea-view-apartment,property,Sea view Apartment - Phuket Property Service,Sea view Apartment,/listings/sea-view-apartment,200,
https://psmphuket.com/property/sea-view-apartment-2,property,Sea view Apartment - Phuket Property Service,Sea view Apartment,/listings/sea-view-apartment-2,200,
https://psmphuket.com/property/beautifully-renovated-house-in-phuket-city,property,Beautifully Renovated House in Phuket City - Phuket Property Service,Beautifully Renovated House in Phuket City,/listings/beautifully-renovated-house-in-phuket-city,200,
https://psmphuket.com/agency/phuket-property-service,unknown,Phuket Property Service - Phuket Property Service,,/properties,200,
